observed_at,available_at,open,high,low,close
2024-01-02T22:00:00+00:00,2024-01-02T22:00:00+00:00,1000.0,1005.0,995.0,1000.0
2024-01-03T22:00:00+00:00,2024-01-03T22:00:00+00:00,1000.0,1010.7111,995.0,1005.7111
2024-01-04T22:00:00+00:00,2024-01-04T22:00:00+00:00,1005.7111,1016.1914,1000.7111,1011.1914
2024-01-05T22:00:00+00:00,2024-01-05T22:00:00+00:00,1011.1914,1021.2246,1006.1914,1016.2246
2024-01-08T22:00:00+00:00,2024-01-08T22:00:00+00:00,1016.2246,1025.6221,1011.2246,1020.6221
2024-01-09T22:00:00+00:00,2024-01-09T22:00:00+00:00,1020.6221,1029.2348,1015.6221,1024.2348
2024-01-10T22:00:00+00:00,2024-01-10T22:00:00+00:00,1024.2348,1031.9624,1019.2348,1026.9624
2024-01-11T22:00:00+00:00,2024-01-11T22:00:00+00:00,1026.9624,1033.7598,1021.9623999999999,1028.7598
2024-01-12T22:00:00+00:00,2024-01-12T22:00:00+00:00,1028.7598,1034.6395,1023.7598,1029.6395
2024-01-15T22:00:00+00:00,2024-01-15T22:00:00+00:00,1029.6395,1034.6711,1024.6395,1029.6711
2024-01-16T22:00:00+00:00,2024-01-16T22:00:00+00:00,1029.6711,1034.6711,1023.9771000000001,1028.9771
2024-01-17T22:00:00+00:00,2024-01-17T22:00:00+00:00,1028.9771,1033.9771,1022.7248999999999,1027.7249
2024-01-18T22:00:00+00:00,2024-01-18T22:00:00+00:00,1027.7249,1032.7249,1021.1168,1026.1168
2024-01-19T22:00:00+00:00,2024-01-19T22:00:00+00:00,1026.1168,1031.1168,1019.3770999999999,1024.3771
2024-01-22T22:00:00+00:00,2024-01-22T22:00:00+00:00,1024.3771,1029.3771,1017.7383,1022.7383
2024-01-23T22:00:00+00:00,2024-01-23T22:00:00+00:00,1022.7383,1027.7383,1016.4266,1021.4266
2024-01-24T22:00:00+00:00,2024-01-24T22:00:00+00:00,1021.4266,1026.4266,1015.648,1020.648
2024-01-25T22:00:00+00:00,2024-01-25T22:00:00+00:00,1020.648,1025.6480000000001,1015.5752,1020.5752
2024-01-26T22:00:00+00:00,2024-01-26T22:00:00+00:00,1020.5752,1026.337,1015.5752,1021.337
2024-01-29T22:00:00+00:00,2024-01-29T22:00:00+00:00,1021.337,1028.0106,1016.337,1023.0106
2024-01-30T22:00:00+00:00,2024-01-30T22:00:00+00:00,1023.0106,1030.6161,1018.0106,1025.6161
2024-01-31T22:00:00+00:00,2024-01-31T22:00:00+00:00,1025.6161,1034.116,1020.6161,1029.116
2024-02-01T22:00:00+00:00,2024-02-01T22:00:00+00:00,1029.116,1038.4169,1024.116,1033.4169
2024-02-02T22:00:00+00:00,2024-02-02T22:00:00+00:00,1033.4169,1043.3758,1028.4169,1038.3758
2024-02-05T22:00:00+00:00,2024-02-05T22:00:00+00:00,1038.3758,1048.8088,1033.3758,1043.8088
2024-02-06T22:00:00+00:00,2024-02-06T22:00:00+00:00,1043.8088,1054.5023,1038.8088,1049.5023
2024-02-07T22:00:00+00:00,2024-02-07T22:00:00+00:00,1049.5023,1060.2268,1044.5023,1055.2268
2024-02-08T22:00:00+00:00,2024-02-08T22:00:00+00:00,1055.2268,1065.7507,1050.2268,1060.7507
2024-02-09T22:00:00+00:00,2024-02-09T22:00:00+00:00,1060.7507,1070.8548,1055.7507,1065.8548
2024-02-12T22:00:00+00:00,2024-02-12T22:00:00+00:00,1065.8548,1075.3462,1060.8548,1070.3462
2024-02-13T22:00:00+00:00,2024-02-13T22:00:00+00:00,1070.3462,1079.07,1065.3462,1074.07
2024-02-14T22:00:00+00:00,2024-02-14T22:00:00+00:00,1074.07,1081.919,1069.07,1076.919
2024-02-15T22:00:00+00:00,2024-02-15T22:00:00+00:00,1076.919,1083.8404,1071.919,1078.8404
2024-02-16T22:00:00+00:00,2024-02-16T22:00:00+00:00,1078.8404,1084.8391,1073.8404,1079.8391
2024-02-19T22:00:00+00:00,2024-02-19T22:00:00+00:00,1079.8391,1084.9773,1074.8391,1079.9773
2024-02-20T22:00:00+00:00,2024-02-20T22:00:00+00:00,1079.9773,1084.9773,1074.3709,1079.3709
2024-02-21T22:00:00+00:00,2024-02-21T22:00:00+00:00,1079.3709,1084.3709,1073.1818,1078.1818
2024-02-22T22:00:00+00:00,2024-02-22T22:00:00+00:00,1078.1818,1083.1818,1071.6083,1076.6083
2024-02-23T22:00:00+00:00,2024-02-23T22:00:00+00:00,1076.6083,1081.6083,1069.8727,1074.8727
2024-02-26T22:00:00+00:00,2024-02-26T22:00:00+00:00,1074.8727,1079.8727,1068.2072,1073.2072
2024-02-27T22:00:00+00:00,2024-02-27T22:00:00+00:00,1073.2072,1078.2072,1066.8397,1071.8397
2024-02-28T22:00:00+00:00,2024-02-28T22:00:00+00:00,1071.8397,1076.8397,1065.9795,1070.9795
2024-02-29T22:00:00+00:00,2024-02-29T22:00:00+00:00,1070.9795,1075.9795,1065.8046,1070.8046
2024-03-01T22:00:00+00:00,2024-03-01T22:00:00+00:00,1070.8046,1076.45,1065.8046,1071.45
2024-03-04T22:00:00+00:00,2024-03-04T22:00:00+00:00,1071.45,1078.0001,1066.45,1073.0001
2024-03-05T22:00:00+00:00,2024-03-05T22:00:00+00:00,1073.0001,1080.4829,1068.0001,1075.4829
2024-03-06T22:00:00+00:00,2024-03-06T22:00:00+00:00,1075.4829,1083.8682,1070.4829,1078.8682
2024-03-07T22:00:00+00:00,2024-03-07T22:00:00+00:00,1078.8682,1088.07,1073.8682,1083.07
2024-03-08T22:00:00+00:00,2024-03-08T22:00:00+00:00,1083.07,1092.9514,1078.07,1087.9514
2024-03-11T22:00:00+00:00,2024-03-11T22:00:00+00:00,1087.9514,1098.3332,1082.9514,1093.3332
2024-03-12T22:00:00+00:00,2024-03-12T22:00:00+00:00,1093.3332,1104.0052,1088.3332,1099.0052
2024-03-13T22:00:00+00:00,2024-03-13T22:00:00+00:00,1099.0052,1109.739,1094.0052,1104.739
2024-03-14T22:00:00+00:00,2024-03-14T22:00:00+00:00,1104.739,1115.3025,1099.739,1110.3025
2024-03-15T22:00:00+00:00,2024-03-15T22:00:00+00:00,1110.3025,1120.4742,1105.3025,1115.4742
2024-03-18T22:00:00+00:00,2024-03-18T22:00:00+00:00,1115.4742,1125.0568,1110.4742,1120.0568
2024-03-19T22:00:00+00:00,2024-03-19T22:00:00+00:00,1120.0568,1128.8897,1115.0568,1123.8897
2024-03-20T22:00:00+00:00,2024-03-20T22:00:00+00:00,1123.8897,1131.8591,1118.8897,1126.8591
2024-03-21T22:00:00+00:00,2024-03-21T22:00:00+00:00,1126.8591,1133.9046,1121.8591,1128.9046
2024-03-22T22:00:00+00:00,2024-03-22T22:00:00+00:00,1128.9046,1135.0234,1123.9046,1130.0234
2024-03-25T22:00:00+00:00,2024-03-25T22:00:00+00:00,1130.0234,1135.2703,1125.0234,1130.2703
2024-03-26T22:00:00+00:00,2024-03-26T22:00:00+00:00,1130.2703,1135.2703,1124.7543,1129.7543
2024-03-27T22:00:00+00:00,2024-03-27T22:00:00+00:00,1129.7543,1134.7543,1123.6318,1128.6318
2024-03-28T22:00:00+00:00,2024-03-28T22:00:00+00:00,1128.6318,1133.6318,1122.097,1127.097
2024-03-29T22:00:00+00:00,2024-03-29T22:00:00+00:00,1127.097,1132.097,1120.3696,1125.3696
2024-04-01T22:00:00+00:00,2024-04-01T22:00:00+00:00,1125.3696,1130.3696,1118.6815,1123.6815
2024-04-02T22:00:00+00:00,2024-04-02T22:00:00+00:00,1123.6815,1128.6815,1117.2618,1122.2618
2024-04-03T22:00:00+00:00,2024-04-03T22:00:00+00:00,1122.2618,1127.2618,1116.3232,1121.3232
2024-04-04T22:00:00+00:00,2024-04-04T22:00:00+00:00,1121.3232,1126.3232,1116.0485,1121.0485
2024-04-05T22:00:00+00:00,2024-04-05T22:00:00+00:00,1121.0485,1126.579,1116.0485,1121.579
2024-04-08T22:00:00+00:00,2024-04-08T22:00:00+00:00,1121.579,1128.0062,1116.579,1123.0062
2024-04-09T22:00:00+00:00,2024-04-09T22:00:00+00:00,1123.0062,1130.3656,1118.0062,1125.3656
2024-04-10T22:00:00+00:00,2024-04-10T22:00:00+00:00,1125.3656,1133.6349,1120.3656,1128.6349
2024-04-11T22:00:00+00:00,2024-04-11T22:00:00+00:00,1128.6349,1137.7352,1123.6349,1132.7352
2024-04-12T22:00:00+00:00,2024-04-12T22:00:00+00:00,1132.7352,1142.5359,1127.7352,1137.5359
2024-04-15T22:00:00+00:00,2024-04-15T22:00:00+00:00,1137.5359,1147.8628,1132.5359,1142.8628
2024-04-16T22:00:00+00:00,2024-04-16T22:00:00+00:00,1142.8628,1153.5091,1137.8628,1148.5091
2024-04-17T22:00:00+00:00,2024-04-17T22:00:00+00:00,1148.5091,1159.2482,1143.5091,1154.2482
2024-04-18T22:00:00+00:00,2024-04-18T22:00:00+00:00,1154.2482,1164.8474,1149.2482,1159.8474
2024-04-19T22:00:00+00:00,2024-04-19T22:00:00+00:00,1159.8474,1170.0831,1154.8474,1165.0831
2024-04-22T22:00:00+00:00,2024-04-22T22:00:00+00:00,1165.0831,1174.754,1160.0831,1169.754
